,chaos hay
,area Clown
,service talkative
,Universe linger
,storage Magic
,beer Server
,multiply area
,harvest conference
,worry touch
,misery Zombies
,Knight spell
,Terminal manager
,chaos spell
,cinema misery
,overwhelm tract
,GTA van
,Based force
,Strong protest
,brand linger
,conflict service
,question Sock
,pleasure injury
,theory pen
,Faction fat
,harvest Based
,outside horoscope
,outside conference
,hay contrast
,policy tract
,memory error
,direct dairy
,random route
,affair worry
,talkative multiply
,theory context
,Ohio pen
,direct Gaming
,Sweat talkative
,random affair
,nuclear basic
,requirement dairy
,hay dairy
,offensive Ninja
,designer plaster
,Ohio spell
,Hentai unpleasant
,Sock velvet
,lump Sweat
,harvest velvet
,Turtle designer
,Terminal overwhelm
,conflict context
,Gaming war
,pen Turtle
,conflict Universe
,van injury
,relieve concept
,fat context
,lump outside
,cinema overwhelm
,variety area
,conflict chaos
,touch mole
,bake injury
,horoscope war
,force route
,van direct
,headline touch
,nuclear valid
,variety random
,van Clown
,Server plaster
,Fanart affair
,force due
,Server theory
,policy WhiteHouse
,Magic protection
,nuclear protection
,dairy unpleasant
,unpleasant Fanart
,Faction theory
,manager fleet
,talkative overwhelm
,conflict satellite
,Clown protection
,concept cinema
,war designer
,ghost contrast
,plaster hip
,shallow hunting
,Server embryo
,Faction Zombies
,excavation storage
,shelf Sweat
,direct protest
,symbol Shitpost
,offensive headline
,Sweat excavation
,counter Terminal
,misery orientation
,outside chaos
,worry develop
,Strong brand
,Fanart mole
,Zombies catalogue
,protest harvest
,complication Terminal
,mass catalogue
,efflux Roleplay
,Park valid
,worry area
,ghost attraction
,mole Park
,route extort
,orientation pen
,pen embryo
,WhiteHouse policy
,offensive Prison
,Terminal variety
,hay context
,linger dairy
,satellite symbol
,velvet Shitpost
,requirement chaos
,protest fish
,van disco
,Magic ghost
,Park excavation
,Roleplay Strong
,penalty Hentai
,overwhelm tile
,Clown satellite
,affair basic
,beer mass
,outside contrast
,hay nuclear
,penalty Based
,pen hay
,mass Sock
,Knight affair
,extend conference
,Gaming requirement
,Gaming satellite
,Fanart storage
,twilight conflict
,unpleasant contrast
,tract extend
,temptation temptation
,advance valid
,Terminal Ohio
,unpleasant force
,orientation Terminal
,hip touch
,shelf Ohio
,conflict war
,unpleasant beer
,storage misery
,spell touch
,penalty fish
,shallow contrast
,brand lump
,offensive objective
,outside policy
,direct designer
,Hentai Strong
,plaster Faction
,embryo twilight
,hunting spell
,Park Hentai
,question drift
,Knight plastic
,straight Fanart
,center horoscope
,beer result
,emotion hip
,affair policy
,Ohio complication
,route touch
,Prison straight
,hay ghost
,drift velvet
,Strong theory
,context Sweat
,lump service
,conflict Clown
,penalty Clown
,tract question
,fleet jump
,tract Faction
,jaw offensive
,objective overwhelm
,random Sweat
,satellite center
,Strong spell
,protection pen
,protest pen
,Strong mole
,captivate objective
,temptation due
,area conflict
,fleet brand
,emotion Magic
,complication result
,develop plaster
,Terminal unpleasant
,plaster beer
,Faction dairy
,talkative beer
,counter talkative
,random Turtle
,basic conflict
,embryo pleasure
,harvest Strong
,injury Zombies
,overwhelm advance
,embryo direct
,protection pen
,context route
,straight affair
,concept theory
,symbol counter
,due attraction
,symbol relieve
,Shitpost touch
,basic lump
,war excavation
,conference manager
,conflict Sock
,brand harvest
,force protest
,context theory
,Fanart harvest
,relieve service
,GTA advance
,complication basic
,embryo play
,memory captivate
,catalogue context
,area memory
,question protest
,Ohio protection
,Knight bake
,GTA storage
,concept extort
,route Server
,tile Clown
,velvet hay
,Based twilight
,offensive Fanart
,spell Sock
,random direct
,misery plastic
,velvet orientation
,emotion linger
,Universe temptation
,conflict embryo
,rainbow penalty
,extort extend
,shallow shallow
,storage multiply
,unpleasant Sweat
,Gaming Clown
,injury protest
,attraction concept
,velvet shelf
,Clown Prison
,Sweat error
,bake Terminal
,GTA jump
,jaw Universe
,area twilight
,valid orientation
,contrast pleasure
,play beer
,basic Gaming
,Server objective
,Gaming rainbow
,plaster straight
,Roleplay fleet
,storage context
,contrast conflict
,Fanart manager
,Sweat extend
,van advance
,mole due
,manager shelf
,fat captivate
,relieve concept
,extort Terminal
,hay Sweat
,rainbow basic
,van unpleasant
,unpleasant Sweat
,due touch
,plastic overwhelm
,captivate orientation
,mole bake
,rainbow catalogue
,Park valid
,Fanart catalogue
,plastic captivate
,fat injury
,context worry
,brand random
,force random
,chaos straight
,memory Zombies
,brand Park
,harvest counter
,orientation hip
,shallow Prison
,jump straight
,jump fleet
,talkative Turtle
,dairy shelf
,war force
,Clown Clown
,protest Sock
,theory direct
,tract result
,fleet Strong
,Shitpost advance
,due concept
,lump overwhelm
,context ghost
,variety valid
,plaster straight
,area conflict
,plaster disco
,injury Gaming
,Sweat disco
,Based plastic
,straight valid
,injury valid
,service offensive
,Ohio shelf
,talkative Based
,Turtle plastic
,relieve bake
,attraction Based
,van service
,Shitpost orientation
,context variety
,objective develop
,Turtle Zombies
,conference bake
,affair contrast
,captivate chaos
,beer designer
,area Strong
,tile penalty
,advance war
,satellite Park
,area Park
,talkative contrast
,Clown satellite
,war tile
,mass conflict
,cinema policy
,catalogue Strong
,overwhelm result
,unpleasant mass
,jump brand
,bake attraction
,extort Roleplay
,twilight Gaming
,talkative Ninja
,plaster headline
,excavation efflux
,excavation horoscope
,counter play
,hip shelf
,symbol Faction
,Sweat relieve
,route rainbow
,hunting Universe
,disco extort
,harvest misery
,bake error
,Faction horoscope
,worry contrast
,penalty orientation
,embryo plastic
,Server objective
,affair temptation
,brand Fanart
,symbol Hentai
,variety hunting
,velvet protest
,fish twilight
,advance memory
,Strong Turtle
,rainbow WhiteHouse
,emotion Shitpost
,policy complication
,objective tract
,tract plastic
,complication develop
,plaster attraction
,Gaming shelf
,disco Fanart
,unpleasant talkative
,satellite orientation
,Ninja temptation
,mass due
,velvet jaw
,embryo war
,harvest worry
,route shallow
,fat requirement
,extend valid
,hunting due
,fleet Sock
,error designer
,Fanart relieve
,emotion mass
,force WhiteHouse
,headline Fanart
,Strong storage
,route chaos
,fleet area
,embryo talkative
,orientation temptation
,error conflict
,shallow basic
,excavation fleet
,Faction hip
,jaw requirement
,dairy objective
,Shitpost brand
,Roleplay beer
,policy unpleasant
,GTA hunting
,fleet relieve
,captivate direct
,offensive fleet
,drift Park
,van hunting
,catalogue Ninja
,emotion Sock
,complication protest
,pleasure bake
,Hentai complication
,multiply protection
,designer protection
,conference cinema
,dairy direct
,jaw extort
,policy area
,bake fish
,affair shelf
,talkative center
,satellite misery
,horoscope brand
,pen fish
,requirement orientation
,extend contrast
,mole result
,worry jump
,linger catalogue
,excavation tile
,outside cinema
,develop linger
,play WhiteHouse
,Based offensive
,concept protest
,due fleet
,Sock linger
,embryo Based
,overwhelm Knight
,hay van
,extort unpleasant
,Shitpost force
,basic Server
,jump Universe
,Ohio Zombies
,hip route
,policy unpleasant
,satellite result
,protection Faction
,pen develop
,force van
,ghost catalogue
,manager van
,drift WhiteHouse
,pen context
,catalogue develop
,nuclear rainbow
,protection Terminal
,bake fish
,Shitpost Server
,Magic GTA
,war WhiteHouse
,symbol tract
,ghost error
,due valid
,multiply fat
,symbol satellite
,jaw pen
,outside beer
,worry Sweat
,complication jaw
,conflict pen
,plaster attraction
,plaster spell
,mass random
,unpleasant jump
,attraction Hentai
,memory extend
,service velvet
,efflux concept
,Clown twilight
,embryo multiply
,attraction extend
,touch force
,fat pen
,objective hip
,catalogue memory
,overwhelm force
,unpleasant mole
,pleasure twilight
,protest Roleplay
,injury linger
,spell captivate
,concept velvet
,variety question
,hunting mole
,basic efflux
,relieve plaster
,twilight worry
,Turtle area
,tract horoscope
,linger Prison
,hip advance
,Universe counter
,basic mass
,Turtle lump
,chaos Prison
,Magic Hentai
,Ninja emotion
,Sweat jaw
,lump play
,embryo jump
,excavation nuclear
,Zombies multiply
,tract center
,Hentai hunting
,Turtle Strong
,Knight straight
,conference theory
,jump variety
,nuclear Strong
,temptation attraction
,memory WhiteHouse
,area policy
,area van
,Prison fleet
,plaster mass
,disco shallow
,emotion van
,disco satellite
,context Terminal
,Terminal Gaming
,force Server
,WhiteHouse Knight
,conflict tile
,Terminal objective
,Universe protest
,Ninja war
,bake catalogue
,outside Magic
,random Server
,plaster war
,fish Fanart
,Prison jump
,Magic hay
,designer plastic
,tile penalty
,tile Knight
,bake Universe
,concept brand
,Roleplay develop
,catalogue Ninja
,linger emotion
,designer Ohio
,bake tract
,hip attraction
,protest chaos
,objective unpleasant
,policy Terminal
,multiply Hentai
,objective spell
,plastic fat
,spell Universe
,Server requirement
,context storage
,jump route
,unpleasant ghost
,variety excavation
,satellite fleet
,horoscope Gaming
,war worry
,spell extort
,Prison extend
,Faction captivate
,catalogue rainbow
,emotion requirement
,nuclear Zombies
,play unpleasant
,satellite random
,Universe jump
,extend Zombies
,variety hay
,Magic captivate
,Ninja hunting
,captivate Sock
,protection Ohio
,service dairy
,ghost Strong
,Gaming Universe
,temptation play
,designer touch
,Knight Sweat
,Ohio protest
,hay Strong
,conference pleasure
,mole Fanart
,counter context
,jump misery
,excavation due
,Prison complication
,Faction hay
,emotion horoscope
,extend affair
,attraction hay
,Sweat orientation
,embryo shelf
,Strong straight
,pen develop
,excavation policy
,Terminal route
,captivate WhiteHouse
,force catalogue
,random twilight
,plaster efflux
,attraction drift
,hay spell
,Gaming Universe
,misery relieve
,designer penalty
,headline catalogue
,beer force
,manager Knight
,mass contrast
,talkative concept
,Knight beer
,fish embryo
,captivate Knight
,captivate catalogue
,valid advance
,misery straight
,Park van
,mass Server
,shallow Ninja
,talkative tile
,Universe twilight
,protection result
,extort complication
,velvet war
,captivate concept
,area tract
,manager misery
,outside pleasure
,efflux Zombies
,fat nuclear
,Gaming policy
,service Ohio
,advance drift
,efflux complication
,designer objective
,shallow beer
,variety fish
,unpleasant memory
,fat develop
,random multiply
,conflict extend
,touch satellite
,mole service
,catalogue valid
,route touch
,chaos hip
,cinema Gaming
,touch plastic
,velvet extort
,hunting complication
,fat mole
,embryo counter
,concept horoscope
,temptation mole
,rainbow conference
,jaw multiply
,Server policy
,Hentai dairy
,war manager
,beer question
,pleasure requirement
,develop contrast
,Sweat play
,context question
,fleet injury
,van Magic
,center hip
,twilight horoscope
,Turtle Roleplay
,Hentai spell
,Sweat counter
,error question
,service hip
,harvest fish
,Sock Fanart
,captivate Hentai
,concept straight
,Hentai plastic
,counter random
,pleasure drift
,Strong Roleplay
,Fanart misery
,complication tract
,Fanart velvet
,storage extend
,temptation context
,Roleplay GTA
,error play
,WhiteHouse Terminal
,Ninja war
,worry efflux
,manager result
,ghost chaos
,ghost WhiteHouse
,offensive Sweat
,Prison requirement
,question protection
,plaster valid
,penalty harvest
,plastic captivate
,memory talkative
,brand policy
,horoscope manager
,Server velvet
,symbol satellite
,contrast basic
,Based outside
,fleet protest
,lump Universe
,Park overwhelm
,Sock mass
,embryo velvet
,nuclear Hentai
,GTA center
,question Ohio
,Universe touch
,dairy temptation
,war random
,fish route
,jump Server
,beer Ninja
,plaster mole
,straight storage
,Hentai excavation
,area fleet
,harvest counter
,objective manager
,dairy relieve
,overwhelm Turtle
,tile shallow
,designer pen
,theory emotion
,van center
,Universe orientation
,error straight
,excavation Based
,conference headline
,twilight nuclear
,chaos attraction
,excavation conference
,Knight lump
,memory war
,extend WhiteHouse
,horoscope straight
,orientation contrast
,Hentai overwhelm
,offensive overwhelm
,satellite theory
,Turtle jaw
,jump fat
,Magic contrast
,offensive center
,dairy memory
,error emotion
,fleet outside
,bake error
,Ninja plaster
,offensive ghost
,hunting policy
,Strong Strong
,excavation dairy
,force brand
,relieve storage
,WhiteHouse fat
,attraction brand
,context cinema
,GTA random
,policy hunting
,straight result
,Based conference
,tract conflict
,protection service
,storage variety
,fish cinema
,drift orientation
,linger area
,Sock chaos
,contrast touch
,concept velvet
,brand disco
,mole Sock
,Clown emotion
,Magic Fanart
,beer Universe
,Universe unpleasant
,spell context
,concept Terminal
,conference Roleplay
,basic brand
,service due
,temptation Shitpost
,Ninja nuclear
,tile temptation
,relieve result
,overwhelm Hentai
,rainbow shelf
,Ninja force
,pen Zombies
,plaster contrast
,storage WhiteHouse
,direct counter
,horoscope objective
,due extend
,linger Park
,advance policy
,lump Clown
,outside worry
,Terminal context
,Based harvest
,due force
,due force
,captivate service
,Strong straight
,mass disco
,catalogue catalogue
,random advance
,Ninja beer
,horoscope headline
,bake requirement
,efflux overwhelm
,ghost temptation
,ghost conference
,Fanart beer
,velvet offensive
,area mole
,penalty twilight
,Server protest
,Sweat Fanart
,embryo touch
,direct hay
,objective Sock
,Based captivate
,nuclear satellite
,Magic drift
,Sock play
,shelf advance
,Roleplay worry
,emotion complication
,velvet force
,affair play
,overwhelm shelf
,conflict Shitpost
,Magic protection
,designer beer
,Faction hay
,manager drift
,twilight random
,Server beer
,headline designer
,plaster mass
,basic policy
,contrast fat
,counter fish
,Prison symbol
,question GTA
,twilight injury
,Ohio Prison
,relieve Faction
,advance error
,shallow theory
,Faction Zombies
,policy play
,protection WhiteHouse
,policy conference
,result random
,due nuclear
,jump fish
,ghost lump
,overwhelm Knight
,cinema drift
,play shallow
,Ohio beer
,counter advance
,drift bake
,requirement route
,jaw Fanart
,conference center
,outside direct
,war route
,Strong conference
,disco Prison
,van dairy
,mass context
,random service
,due lump
,headline memory
,spell Roleplay
,area due
,van attraction
,fish disco
,worry error
,headline jump
,extort war
,embryo service
,variety horoscope
,force Ohio
,shallow jump
,Shitpost Clown
,extend direct
,manager bake
,orientation context
,variety extort
,overwhelm conflict
,overwhelm horoscope
,protest shallow
,worry fleet
,rainbow lump
,Sock bake
,chaos Turtle
,hay twilight
,horoscope theory
,plastic penalty
,context due
,protest nuclear
,worry velvet
,policy jaw
,ghost requirement
,valid conflict
,horoscope tile
,manager Hentai
,Server velvet
,affair GTA
,affair protection
,route GTA
,Roleplay develop
,straight shallow
,basic contrast
,offensive mass
,contrast fat
,objective protection
,attraction horoscope
,plastic Ohio
,talkative plaster
,attraction Roleplay
,Roleplay error
,theory brand
,drift Hentai
,requirement embryo
,WhiteHouse fleet
,dairy bake
,captivate linger
,misery WhiteHouse
,requirement theory
,mole pen
,linger chaos
,conference outside
,van orientation
,Roleplay pen
,tile Hentai
,hunting Park
,multiply tract
,symbol Knight
,velvet lump
,overwhelm mole
,Server result