,DAM no mola looting
,Bycicle balance
,Bycicle carriage
,Trotuman moving
,Zalo restaurant
,Tazon de cereales  node
,xd climb
,Siete Developer carriage
,Calcetin Sucio touch
,Siete Developer looting
,:) moving
,:) area
,Tazon de cereales convert
,Tazon de cereales gesture
,DAM no mola looting
,Kuku  node
,Trotuman looting
,Bicho Studios shift
,Siete Developer balance
,Bycicle climb
,Goyo no responde al Teams touch
,Zalo moving
,xd moving
,Bicho Studios aware
,Piensalo gesture
,:) moving
,Trotuman carriage
,Kuku restaurant
,Trotuman balance
,:) broccoli
,Bycicle quest
,Bycicle aware
,DAM no mola restaurant
,Bycicle shift
,Goyo no responde al Teams restaurant
,Zalo moving
,DAM no mola gesture
,Calcetin Sucio looting
,Siete Developer balance
,xd restaurant
,Siete Developer area
,Bycicle looting
,Siete Developer climb
,Calcetin Sucio climb
,xd gesture
,Kuku aware
,DAM no mola meet
,DAM no mola touch
,Kuku carriage
,:) looting
,:) broccoli
,xd touch
,Kuku aware
,Tardes Buenas  node
,Tardes Buenas carriage
,Tazon de cereales balance
,Piensalo broccoli
,xd quest
,Zalo moving
,Bernat te echare de menos  node
,Siete Developer aware
,Calcetin Sucio touch
,Bycicle carriage
,Trotuman aware
,DAM no mola aware
,Siete Developer area
,Peter Parker area
,:) area
,Trotuman convert
,Siete Developer convert
,Trotuman looting
,Peter Parker aware
,Kuku looting
,Piensalo shift
,:) touch
,Calcetin Sucio convert
,Kuku meet
,Siete Developer shift
,Peter Parker touch
,:) aware
,:) looting
,xd touch
,Kuku quest
,Peter Parker convert
,Bicho Studios gesture
,DAM no mola looting
,Peter Parker moving
,Tardes Buenas gesture
,Bicho Studios convert
,Zalo touch
,Bycicle moving
,Tazon de cereales broccoli
,Calcetin Sucio gesture
,Piensalo restaurant
,xd balance
,Siete Developer balance
,Bicho Studios  node
,Bycicle meet
,Tazon de cereales convert
,Kuku climb
,DAM no mola balance
,Trotuman gesture
,Peter Parker meet
,Goyo no responde al Teams meet
,Tardes Buenas balance
,Calcetin Sucio climb
,Bicho Studios balance
,Trotuman broccoli
,Siete Developer touch
,Siete Developer touch
,Goyo no responde al Teams meet
,Calcetin Sucio gesture
,:) carriage
,Trotuman climb
,Bicho Studios looting
,Bicho Studios carriage
,Calcetin Sucio quest
,xd meet
,Tazon de cereales quest
,Calcetin Sucio meet
,Tazon de cereales looting
,Siete Developer quest
,Bycicle moving
,Piensalo gesture
,Peter Parker meet
,DAM no mola aware
,Tardes Buenas meet
,:) quest
,Piensalo restaurant
,:) carriage
,Siete Developer touch
,Kuku quest
,Bicho Studios  node
,Tazon de cereales meet
,Kuku quest
,Bernat te echare de menos gesture
,DAM no mola aware
,Siete Developer meet
,Bycicle convert
,Bycicle touch
,Piensalo quest
,Tardes Buenas carriage
,Goyo no responde al Teams balance
,Kuku moving
,Kuku climb
,Calcetin Sucio gesture
,Bicho Studios gesture
,Piensalo shift
,Calcetin Sucio meet
,DAM no mola climb
,Kuku touch
,Tazon de cereales carriage
,xd meet
,Goyo no responde al Teams meet
,Tardes Buenas restaurant
,Zalo climb
,Siete Developer broccoli
,Piensalo restaurant
,Kuku aware
,Trotuman balance
,Piensalo meet
,Bernat te echare de menos  node
,Kuku convert
,Zalo gesture
,Bernat te echare de menos area
,Piensalo area
,Tazon de cereales carriage
,Calcetin Sucio carriage
,Tardes Buenas  node
,Tazon de cereales quest
,Bicho Studios  node
,Tazon de cereales gesture
,Bernat te echare de menos aware
,xd aware
,Tazon de cereales convert
,Peter Parker moving
,xd gesture
,Calcetin Sucio meet
,:) moving
,Kuku balance
,DAM no mola broccoli
,DAM no mola broccoli
,Bicho Studios touch
,Peter Parker aware
,xd climb
,Zalo meet
,Siete Developer area
,Bycicle balance
,Calcetin Sucio shift
,Goyo no responde al Teams moving
,Piensalo area
,xd carriage
,Goyo no responde al Teams shift
,DAM no mola broccoli
,Tazon de cereales convert
,Siete Developer  node
,Calcetin Sucio gesture
,Bicho Studios gesture
,Peter Parker quest
,Bycicle moving
,Siete Developer balance
,Trotuman balance
,Tazon de cereales area
,Bicho Studios quest
,Siete Developer convert
,Piensalo area
,DAM no mola touch
,Trotuman moving
,Kuku carriage
,Tazon de cereales shift
,Peter Parker shift
,DAM no mola looting
,Siete Developer convert
,Calcetin Sucio carriage
,Peter Parker gesture
,Trotuman shift
,Calcetin Sucio climb
,Bernat te echare de menos broccoli
,Piensalo looting
,Tardes Buenas shift
,Kuku climb
,:) shift
,Kuku carriage
,Siete Developer area
,xd convert
,Siete Developer meet
,DAM no mola broccoli
,Zalo area
,Calcetin Sucio climb
,Calcetin Sucio looting
,Bycicle aware
,Goyo no responde al Teams climb
,Siete Developer area
,Peter Parker quest
,xd shift
,xd shift
,xd shift
,Bicho Studios carriage
,Bicho Studios convert
,Bernat te echare de menos quest
,Zalo broccoli
,Calcetin Sucio aware
,Bernat te echare de menos area
,Tardes Buenas area
,Peter Parker  node
,Calcetin Sucio area
,Zalo looting
,Trotuman restaurant
,Bicho Studios balance
,Bicho Studios quest
,Kuku balance
,DAM no mola  node
,Calcetin Sucio aware
,:) quest
,xd broccoli
,Goyo no responde al Teams shift
,Siete Developer broccoli
,Peter Parker balance
,DAM no mola quest
,Zalo touch
,Bycicle carriage
,Tardes Buenas broccoli
,Bicho Studios carriage
,Peter Parker convert
,Kuku  node
,Tazon de cereales convert
,Kuku shift
,DAM no mola shift
,Bicho Studios moving
,Peter Parker meet
,Bycicle convert
,Tazon de cereales restaurant
,Tazon de cereales shift
,DAM no mola balance
,xd moving
,:) quest
,Siete Developer looting
,Tazon de cereales looting
,Bycicle convert
,Piensalo aware
,Bernat te echare de menos convert
,Piensalo shift
,Kuku meet
,xd aware
,Peter Parker gesture
,Goyo no responde al Teams touch
,Peter Parker restaurant
,Tazon de cereales area
,:) gesture
,DAM no mola  node
,DAM no mola restaurant
,Piensalo gesture
,Bernat te echare de menos area
,Bycicle looting
,xd touch
,xd gesture
,Trotuman broccoli
,Tardes Buenas area
,Piensalo gesture
,:) touch
,Kuku shift
,Zalo carriage
,Bicho Studios broccoli
,Zalo touch
,xd quest
,Bicho Studios shift
,Tardes Buenas broccoli
,Piensalo  node
,Goyo no responde al Teams meet
,Tardes Buenas looting
,Piensalo looting
,Piensalo looting
,Goyo no responde al Teams restaurant
,Zalo convert
,Trotuman  node
,Bycicle aware
,DAM no mola convert
,Siete Developer  node
,xd shift
,DAM no mola carriage
,DAM no mola meet
,Trotuman climb
,Tardes Buenas touch
,Siete Developer quest
,Goyo no responde al Teams carriage
,Siete Developer  node
,Goyo no responde al Teams looting
,Tardes Buenas aware
,Bernat te echare de menos  node
,Peter Parker restaurant
,xd shift
,Bicho Studios gesture
,Bycicle touch
,Bicho Studios moving
,Bicho Studios meet
,DAM no mola aware
,Bycicle broccoli
,Trotuman climb
,Bernat te echare de menos  node
,Kuku  node
,Siete Developer moving
,Bycicle area
,Kuku shift
,Bicho Studios aware
,Goyo no responde al Teams  node
,Bernat te echare de menos touch
,DAM no mola shift
,Peter Parker carriage
,Peter Parker climb
,Peter Parker aware
,Goyo no responde al Teams moving
,Bernat te echare de menos moving
,Bernat te echare de menos convert
,Goyo no responde al Teams shift
,Peter Parker convert
,Tazon de cereales quest
,Zalo convert
,Calcetin Sucio quest
,:) meet
,Kuku quest
,:) balance
,Tazon de cereales area
,Bycicle convert
,xd balance
,Piensalo aware
,Kuku carriage
,Bycicle quest
,:) area
,Bycicle broccoli
,Bycicle restaurant
,Goyo no responde al Teams broccoli
,Bernat te echare de menos moving
,Tazon de cereales area
,Trotuman balance
,DAM no mola touch
,Kuku carriage
,Bycicle shift
,Calcetin Sucio carriage
,Peter Parker area
,Zalo convert
,Bycicle convert
,:) aware
,Tazon de cereales climb
,:) gesture
,Tardes Buenas quest
,Piensalo climb
,DAM no mola aware
,Tazon de cereales balance
,Tardes Buenas carriage
,Goyo no responde al Teams climb
,Trotuman moving
,xd restaurant
,Zalo touch
,:) restaurant
,Bycicle balance
,Calcetin Sucio  node
,Kuku restaurant
,Goyo no responde al Teams looting
,Piensalo balance
,Kuku climb
,Piensalo looting
,Goyo no responde al Teams quest
,Calcetin Sucio convert
,Zalo convert
,xd meet
,xd gesture
,Piensalo gesture
,Bernat te echare de menos convert
,Bernat te echare de menos quest
,Trotuman carriage
,Peter Parker carriage
,Goyo no responde al Teams moving
,Bycicle carriage
,Tazon de cereales shift
,Tazon de cereales restaurant
,DAM no mola restaurant
,Tardes Buenas looting
,Tazon de cereales aware
,:) aware
,Calcetin Sucio meet
,xd gesture
,Goyo no responde al Teams looting
,Tazon de cereales shift
,xd touch
,Zalo gesture
,Bernat te echare de menos quest
,Bicho Studios meet
,Piensalo aware
,DAM no mola  node
,Trotuman gesture
,Goyo no responde al Teams shift
,Piensalo moving
,Trotuman touch
,Tardes Buenas climb
,Bicho Studios balance
,Bycicle carriage
,Bycicle balance
,xd gesture
,Kuku looting
,Trotuman quest
,Goyo no responde al Teams shift
,xd aware
,Tardes Buenas meet
,Tardes Buenas shift
,Siete Developer shift
,Tardes Buenas carriage
,Goyo no responde al Teams touch
,Bicho Studios aware
,Goyo no responde al Teams touch
,Goyo no responde al Teams shift
,Bicho Studios area
,:) area
,Peter Parker aware
,Tazon de cereales broccoli
,Peter Parker climb
,Siete Developer shift
,Siete Developer touch
,Bicho Studios broccoli
,Tazon de cereales gesture
,Tazon de cereales touch
,:) looting
,Peter Parker touch
,Peter Parker moving
,Goyo no responde al Teams balance
,Piensalo touch
,:) touch
,Calcetin Sucio balance
,xd broccoli
,xd touch
,Tardes Buenas balance
,Bernat te echare de menos  node
,Kuku area
,Peter Parker carriage
,DAM no mola restaurant
,:) restaurant
,Zalo balance
,Zalo broccoli
,Tardes Buenas climb
,Peter Parker moving
,Goyo no responde al Teams  node
,Bernat te echare de menos balance
,Kuku quest
,Siete Developer meet
,Calcetin Sucio aware
,Trotuman  node
,Siete Developer looting
,Bernat te echare de menos shift
,DAM no mola  node
,Kuku touch
,Trotuman climb
,xd restaurant
,Calcetin Sucio moving
,Tazon de cereales quest
,Tardes Buenas gesture
,Tazon de cereales shift
,Goyo no responde al Teams quest
,Siete Developer convert
,:) moving
,Bernat te echare de menos climb
,Goyo no responde al Teams touch
,Bycicle restaurant
,Zalo shift
,Goyo no responde al Teams carriage
,Tardes Buenas balance
,Goyo no responde al Teams aware
,Zalo looting
,Piensalo quest
,xd aware
,Trotuman meet
,Bycicle meet
,Trotuman meet
,Tardes Buenas aware
,Zalo climb
,Siete Developer meet
,Goyo no responde al Teams area
,:) gesture
,:) looting
,Bicho Studios gesture
,Bycicle touch
,Tardes Buenas moving
,Goyo no responde al Teams looting
,Tardes Buenas touch
,Kuku area
,Siete Developer area
,Kuku aware
,Bycicle aware
,Kuku carriage
,Bicho Studios area
,Piensalo looting
,Bicho Studios moving
,Calcetin Sucio broccoli
,Calcetin Sucio moving
,:) area
,Peter Parker broccoli
,Zalo touch
,Bernat te echare de menos meet
,Kuku convert
,Tardes Buenas broccoli
,Siete Developer touch
,Zalo convert
,Kuku meet
,:) moving
,Tardes Buenas touch
,Kuku shift
,Goyo no responde al Teams climb
,Peter Parker broccoli
,Kuku moving
,:) quest
,:) moving
,Kuku quest
,xd touch
,Siete Developer gesture
,Siete Developer meet
,Bicho Studios carriage
,Tazon de cereales looting
,:) meet
,Bycicle area
,Bicho Studios quest
,DAM no mola carriage
,Tardes Buenas looting
,Tazon de cereales quest
,Bycicle broccoli
,Piensalo convert
,Tazon de cereales  node
,xd touch
,Trotuman restaurant
,Siete Developer shift
,Trotuman restaurant
,Piensalo quest
,Goyo no responde al Teams quest
,Piensalo meet
,Bycicle moving
,:) restaurant
,Tardes Buenas aware
,Kuku restaurant
,Zalo carriage
,Trotuman  node
,Zalo balance
,Bicho Studios broccoli
,Tardes Buenas touch
,Goyo no responde al Teams quest
,DAM no mola convert
,:)  node
,Piensalo convert
,Trotuman aware
,Goyo no responde al Teams carriage
,Piensalo meet
,DAM no mola aware
,Trotuman  node
,xd moving
,Bycicle restaurant
,Calcetin Sucio moving
,Bycicle shift
,DAM no mola quest
,Kuku aware
,Piensalo broccoli
,Goyo no responde al Teams restaurant
,Bycicle touch
,Piensalo quest
,Zalo carriage
,Kuku moving
,Tazon de cereales meet
,Siete Developer moving
,Trotuman climb
,Bernat te echare de menos carriage
,:) convert
,Tazon de cereales convert
,xd aware
,Tardes Buenas looting
,:)  node
,DAM no mola meet
,Piensalo restaurant
,Goyo no responde al Teams shift
,:) balance
,Peter Parker shift
,Trotuman gesture
,xd carriage
,Zalo shift
,Tazon de cereales gesture
,Siete Developer restaurant
,Zalo touch
,xd quest
,Zalo balance
,Piensalo quest
,Bycicle convert
,Bicho Studios quest
,Peter Parker carriage
,Peter Parker aware
,xd climb
,Piensalo touch
,Bycicle convert
,Bernat te echare de menos restaurant
,Peter Parker moving
,Calcetin Sucio climb
,Piensalo restaurant
,Bicho Studios carriage
,Piensalo meet
,Tardes Buenas touch
,DAM no mola climb
,Zalo area
,DAM no mola touch
,Siete Developer quest
,Zalo shift
,DAM no mola shift
,Peter Parker looting
,Goyo no responde al Teams shift
,Bicho Studios moving
,:) broccoli
,Peter Parker restaurant
,xd  node
,xd climb
,Piensalo looting
,Tardes Buenas looting
,Siete Developer meet
,Goyo no responde al Teams area
,Calcetin Sucio gesture
,DAM no mola restaurant
,:) moving
,Tazon de cereales aware
,Trotuman aware
,Bernat te echare de menos  node
,Bicho Studios convert
,Kuku  node
,Calcetin Sucio broccoli
,Tardes Buenas restaurant
,:) moving
,Trotuman broccoli
,Bernat te echare de menos climb
,Bycicle quest
,Tazon de cereales convert
,xd gesture
,Bicho Studios broccoli
,Bicho Studios carriage
,Trotuman shift
,Calcetin Sucio shift
,:) balance
,Goyo no responde al Teams gesture
,Tardes Buenas convert
,Peter Parker looting
,Siete Developer area
,Bycicle moving
,Peter Parker touch
,DAM no mola balance
,Calcetin Sucio shift
,Trotuman restaurant
,Goyo no responde al Teams gesture
,Kuku area
,DAM no mola looting
,Tardes Buenas meet
,Bernat te echare de menos touch
,Bicho Studios climb
,Peter Parker carriage
,Peter Parker broccoli
,xd gesture
,DAM no mola touch
,Piensalo touch
,:) quest
,Zalo aware
,Peter Parker carriage
,Goyo no responde al Teams meet
,Calcetin Sucio broccoli
,Peter Parker climb
,:) looting
,Peter Parker meet
,Tazon de cereales quest
,Piensalo looting
,Piensalo aware
,Bicho Studios shift
,Tazon de cereales moving
,Tazon de cereales area
,Tazon de cereales quest
,Piensalo convert
,DAM no mola shift
,:)  node
,Goyo no responde al Teams moving
,xd climb
,:) area
,Bycicle quest
,Tardes Buenas aware
,Bernat te echare de menos broccoli
,DAM no mola touch
,Siete Developer area
,Bicho Studios looting
,Calcetin Sucio restaurant
,Goyo no responde al Teams gesture
,Tardes Buenas restaurant
,Bycicle touch
,Bernat te echare de menos looting
,Siete Developer area
,Goyo no responde al Teams shift
,Bernat te echare de menos carriage
,Peter Parker area
,Peter Parker climb
,Goyo no responde al Teams restaurant
,Zalo climb
,Tardes Buenas carriage
,Bicho Studios restaurant
,Bycicle  node
,Kuku quest
,xd restaurant
,Bernat te echare de menos climb
,Bycicle broccoli
,DAM no mola gesture
,xd balance
,Trotuman quest
,Piensalo convert
,Tazon de cereales gesture
,:) area
,Goyo no responde al Teams  node
,Calcetin Sucio meet
,Peter Parker shift
,Bernat te echare de menos shift
,Trotuman restaurant
,Kuku aware
,:) broccoli
,Calcetin Sucio area
,Trotuman balance
,DAM no mola carriage
,Piensalo balance
,:)  node
,Bernat te echare de menos area
,Trotuman aware
,Calcetin Sucio climb
,Bycicle area
,Tazon de cereales touch
,:) touch
,Bycicle touch
,Calcetin Sucio moving
,Bycicle convert
,Bernat te echare de menos touch
,Kuku looting
,Trotuman touch
,Piensalo moving
,Calcetin Sucio looting
,Kuku restaurant
,xd  node
,Tardes Buenas broccoli
,:) area
,:) carriage
,Bernat te echare de menos restaurant
,Bycicle looting
,Trotuman quest
,Bycicle gesture
,Bicho Studios gesture
,Bicho Studios moving
,Tardes Buenas meet
,Tazon de cereales carriage
,Piensalo gesture
,Trotuman balance
,Kuku restaurant
,Bernat te echare de menos quest
,Calcetin Sucio shift
,Kuku balance
,Kuku broccoli
,Tazon de cereales quest
,Kuku balance
,Siete Developer convert
,xd broccoli
,Tardes Buenas restaurant
,Kuku  node
,Tazon de cereales convert
,Peter Parker balance
,Bernat te echare de menos restaurant
,Piensalo meet
,Calcetin Sucio touch
,Zalo touch
,Piensalo  node
,Kuku climb
,DAM no mola quest
,Calcetin Sucio quest
,Calcetin Sucio restaurant
,Piensalo meet
,Goyo no responde al Teams gesture
,Bycicle gesture
,Bernat te echare de menos touch
,Bicho Studios quest
,:) looting
,Trotuman looting
,Tazon de cereales restaurant
,Calcetin Sucio restaurant
,Tardes Buenas meet
,Zalo looting
,Piensalo shift
,Bycicle touch
,xd broccoli
,xd broccoli
,Piensalo touch
,Bicho Studios balance
,Bicho Studios meet
,Zalo touch
,Bernat te echare de menos meet
,Zalo convert
,Bernat te echare de menos aware
,Piensalo moving
,Goyo no responde al Teams looting
,DAM no mola gesture
,Trotuman meet
,Zalo area
,Bernat te echare de menos carriage
,Peter Parker touch
,Goyo no responde al Teams aware
,Kuku  node
,Bicho Studios looting
,Goyo no responde al Teams quest
,Kuku looting
,DAM no mola balance
,:) quest
,Tardes Buenas broccoli
,Piensalo moving
,Goyo no responde al Teams aware
,Kuku broccoli
,Goyo no responde al Teams aware
,Bycicle looting
,:) moving
,Tardes Buenas area
,Zalo restaurant
,Zalo quest
,Trotuman restaurant
,Tazon de cereales climb
,Bernat te echare de menos convert
,:) area
,Zalo gesture
,Bycicle meet
,Peter Parker  node
,Bycicle touch
,Piensalo looting
,Peter Parker broccoli
,Goyo no responde al Teams shift
,DAM no mola  node
,Bicho Studios area
,Piensalo looting
,Siete Developer moving
,Siete Developer  node
,:) broccoli
,xd aware
,Trotuman climb
,Bicho Studios area
,Goyo no responde al Teams moving
,Siete Developer balance
,Kuku restaurant
,Bicho Studios looting
,Bernat te echare de menos aware
,Tardes Buenas gesture
,Peter Parker looting
,Calcetin Sucio aware
,Tazon de cereales looting
,:) area
,Piensalo shift
,Bernat te echare de menos climb
,Kuku meet
,xd broccoli
,Bycicle balance
,Calcetin Sucio meet
,Tardes Buenas  node
,:) meet
,:) broccoli
,Bernat te echare de menos area
,Piensalo balance
,Piensalo convert
,Bernat te echare de menos restaurant
,Bycicle broccoli
,Peter Parker quest
,Siete Developer meet
,Calcetin Sucio touch
,Bycicle broccoli
,Tardes Buenas moving
,DAM no mola convert
,Tardes Buenas convert
,Bycicle touch
,Bernat te echare de menos moving
,Bicho Studios shift
,Kuku moving
,Bicho Studios aware
,Bernat te echare de menos meet
,:) climb
,Zalo gesture
,Bycicle touch
,DAM no mola touch
,Kuku aware
,Piensalo  node
,Bycicle quest
,Bycicle climb
,Bernat te echare de menos convert
,xd moving
,Kuku quest
,Peter Parker aware
,Calcetin Sucio aware
,Trotuman broccoli
,Bycicle aware
,DAM no mola moving
,Calcetin Sucio  node
,Peter Parker shift
,xd convert
,Bycicle carriage
,Calcetin Sucio climb
,Goyo no responde al Teams balance
,xd gesture
,Tardes Buenas climb
,Siete Developer restaurant
,:) aware
,Tardes Buenas broccoli
,Bycicle moving
,Goyo no responde al Teams moving
,:) looting
,Goyo no responde al Teams  node
,Bycicle aware
,Bycicle balance
,Goyo no responde al Teams touch
,Bicho Studios restaurant
,Tardes Buenas meet
,Tardes Buenas carriage
,xd area
,xd restaurant
,:) restaurant
,Kuku balance
,DAM no mola climb
,Siete Developer shift
,xd quest
,Calcetin Sucio gesture
,xd meet
,Goyo no responde al Teams balance
,xd balance
,:) area
,Piensalo broccoli
,Tazon de cereales quest
,Goyo no responde al Teams aware
,Zalo restaurant
,Tazon de cereales shift
,Bicho Studios carriage
,Peter Parker looting
,Siete Developer touch
,DAM no mola carriage
,Calcetin Sucio aware
,Bernat te echare de menos carriage
,Trotuman aware
,xd meet
,Bernat te echare de menos convert
,Tardes Buenas meet
,Piensalo meet
,Calcetin Sucio aware
,Piensalo  node
,:) gesture
,Tazon de cereales balance
,Piensalo area
,Bicho Studios restaurant
,Bycicle quest
,Bicho Studios area
,Siete Developer convert
,xd touch
,Zalo quest
,Bycicle balance
,Trotuman moving
,Calcetin Sucio shift
,Kuku restaurant
,Tazon de cereales area
,Calcetin Sucio aware
,Bernat te echare de menos  node
,Tardes Buenas aware
,Bernat te echare de menos aware
,Calcetin Sucio area
